/projects/ /resume/ 301
/projects/web-design/responsive-photogallery-carousel/ /project-responsive-photogallery-carousel/ 301
/projects/web-design/minutes-to-midnight/ /project-minutes-to-midnight/ 301
/projects/web-design/silvia-maggi-design/ /project-silvia-maggi-design/ 301
/projects/web-design/no-slack-day/ /project-no-slack-day/ 301
/projects/web-design/reevoo/ /project-reevoo/ 301
/projects/web-design/unicredit/ /project-unicredit/ 301
/blog/ https://minutestomidnight.co.uk/blog/ 301
/blog/popular/ https://minutestomidnight.co.uk/blog/ 301
/blog/duolingo-from-italian-to-english-is-not-good/ https://minutestomidnight.co.uk/blog/duolingo-from-italian-to-english-is-not-good/ 301
/blog/happy-with-my-current-tech-stack/ https://minutestomidnight.co.uk/blog/happy-with-my-current-tech-stack/ 301
/blog/email-migration-from-proton-to-mailbox/ https://minutestomidnight.co.uk/blog/email-migration-from-proton-to-mailbox/ 301
/blog/how-i-use-internet/ https://minutestomidnight.co.uk/blog/how-i-use-internet/ 301
/blog/degrowth/ https://minutestomidnight.co.uk/blog/degrowth/ 301
/blog/installing-android-13-on-an-unsupported-non-google-phone/ https://minutestomidnight.co.uk/blog/installing-android-13-on-an-unsupported-non-google-phone/
/blog/making-mistakes/ https://minutestomidnight.co.uk/blog/making-mistakes/ 301
/blog/ungoogled-chromium/ https://minutestomidnight.co.uk/blog/ungoogled-chromium/ 301
/blog/indieweb-and-webmentions-for-my-static-site/ https://minutestomidnight.co.uk/blog/indieweb-and-webmentions-for-my-static-site/ 301
/blog/automation-for-my-blog-publishing-workflow/ https://minutestomidnight.co.uk/blog/automation-for-my-blog-publishing-workflow/ 301
/blog/build-a-human-readable-rss-with-jekyll/ https://minutestomidnight.co.uk/blog/build-a-human-readable-rss-with-jekyll/ 301
/blog/on-the-concept-of-frugal-computing/ https://minutestomidnight.co.uk/blog/on-the-concept-of-frugal-computing/ 301
/blog/implementing-webp-images-in-jekyll/ https://minutestomidnight.co.uk/blog/implementing-webp-images-in-jekyll/ 301
/blog/content-security-policy/ https://minutestomidnight.co.uk/blog/content-security-policy/ 301
/blog/life-after-social-networks/ https://minutestomidnight.co.uk/blog/life-after-social-networks/ 301
/blog/loops-transitions-identity/ https://minutestomidnight.co.uk/blog/loops-transitions-identity/ 301
/blog/back-to-the-future-leaving-the-uk/ https://minutestomidnight.co.uk/blog/leaving-the-uk/ 301
/blog/escape-from-social-media/ https://minutestomidnight.co.uk/blog/escape-from-social-media/ 301
/blog/a-modern-workflow-for-the-multi-device-web/ /a-modern-workflow-for-the-multi-device-web/ 301
/ethics/ https://minutestomidnight.co.uk/blog/personal-manifesto/ 301
/colophon/ https://minutestomidnight.co.uk/credits/ 301
/blogroll/ https://minutestomidnight.co.uk/links/ 301
/archive/ https://minutestomidnight.co.uk/sitemap/ 301
/rss/ https://minutestomidnight.co.uk/rss/ 301
/notes/ https://minutestomidnight.co.uk/notes/ 301
/search/ https://minutestomidnight.co.uk/search/ 301
/uses/ https://minutestomidnight.co.uk/uses/ 301